,_id,ViewData.BreakID,ViewData.Status,ViewData.SPM ID,ViewData.Currency,ViewData.Custodian Account,ViewData.ISIN,ViewData.Transaction Type,ViewData.Trade Date,ViewData.CUSIP,ViewData.Description,ViewData.SEDOL,ViewData.Ticker,ViewData.Underlying Cusip,ViewData.Underlying ISIN,ViewData.Underlying Sedol,ViewData.Settle Date,ViewData.Fund,ViewData.Cancel Amount,ViewData.Accounting Net Amount,ViewData.B-P Net Amount,ViewData.Net Amount Difference,ViewData.Net Amount Difference Absolute,ViewData.Custodian,ViewData.Asset Type Category,ViewData.Cancel Flag,ViewData.Investment Type,ViewData.Prime Broker,ViewData.Quantity,ViewData.Price,ViewData.Commission,ViewData.Transaction Category,ViewData.ExpiryDate,ViewData.Base Net Amount,ViewData.Strike Price,ViewData.OTE Ticker,ViewData.Age,ViewData.Age WK,ViewData.Mapped Custodian Account,ViewData.Side0_UniqueIds,ViewData.Side1_UniqueIds
0,5e3787691554580ed8512ef1,1106678704,SDB,,USD,5229278B,US0268747849,BUY,01-21-2020,026874784,AMERICAN INTERNATIONAL GROUP,2027342,AIG,,0710868379,,01-23-2020,5229278B,-433897.07,,-433897.07,-433897.07,433897.07,5229278B,EQUITY,0.0,EQUITY,CITI,8323.0,52.1283,33.29,BUY,,,,,0,0,CITIGM_PB_USD_OG,,467_125715592_CITI
1,5e378abf155458119ca43f66,1106849581,SDB,,USD,038CDNXI1,US6937181088,Buy,01-16-2020,693718108,PACCAR INC           COM STK,2665861,PCAR,,,,01-21-2020,PO,-3274.56,,-3274.56,-3274.56,3274.56,MSCO,015A,0.0,PB,UBSA,42.0,77.9626,-0.13,BUY TO COVER,,,,,0,0,MS_PB_PO,,1244_125712442_Morgan Stanley
2,5e37e116155458044878e715,1107589447,SDB,,USD,038CDNXI1,US6937181088,Buy,01-16-2020,693718108,PACCAR INC           COM STK,2665861,PCAR,,,,01-21-2020,PO,-3274.56,,-3274.56,-3274.56,3274.56,MSCO,015A,0.0,PB,UBSA,42.0,77.9626,-0.13,BUY TO COVER,,,,,0,0,MS_PB_PO,,1244_125712442_Morgan Stanley
3,5e380d2d43338217dc174163,1108177632,UDB,,USD,038CDL8L6,,Futures Collateral,01-21-2020,987999XM6,DOLLARS,,USD,,,,01-21-2020,MA,-9958.07,,-8752.24,-8752.24,8752.24,MSCO,015G,0.0,PB,,0.0,0.0,0.0,FUTURES/VARIATION MARGIN,,,,,0,0,MS_PB_MA,,8_125712442_Morgan Stanley
4,5e380d2d43338217dc174173,1108177634,UDB,,USD,038CDMM20,,Futures Collateral,01-21-2020,987999XM6,DOLLARS,,USD,,,,01-21-2020,MF,-27635.16,,-22160.04,-22160.04,22160.04,MSCO,015G,0.0,PB,,0.0,0.0,0.0,FUTURES/VARIATION MARGIN,,,,,0,0,MS_PB_MF,,9_125712442_Morgan Stanley
5,5e380d2f43338217dc174207,1108177646,UDB,,USD,038CDNXI1,,Futures Collateral,01-21-2020,987999XM6,DOLLARS,,USD,,,,01-21-2020,PO,-19871.82,,-15705.1,-15705.1,15705.1,MSCO,015G,0.0,PB,,0.0,0.0,0.0,FUTURES/VARIATION MARGIN,,,,,0,0,MS_PB_PO,,12_125712442_Morgan Stanley
6,5e380d2f43338217dc17421f,1108177648,UDB,,USD,038CDAA78,,Futures Collateral,01-21-2020,987999XM6,DOLLARS,,USD,,,,01-21-2020,OG,-92941.85,,-52221.0,-52221.0,52221.0,MSCO,015G,0.0,PB,,0.0,0.0,0.0,FUTURES/VARIATION MARGIN,,,,,0,0,MS_PB_OG,,2_125712442_Morgan Stanley
7,5e380d2f43338217dc17424f,1108177652,UDB,,USD,038CDACP6,,Futures Collateral,01-21-2020,987999XM6,DOLLARS,,USD,,,,01-21-2020,MS,-225796.45,,-112366.34,-112366.34,112366.34,MSCO,015G,0.0,PB,,0.0,0.0,0.0,FUTURES/VARIATION MARGIN,,,,,0,0,MS_PB_MS,,4_125712442_Morgan Stanley
8,5e380d3243338217dc17439f,1108177680,UDB,,USD,038CDJ831,,Futures Collateral,01-21-2020,987999XM6,DOLLARS,,USD,,,,01-21-2020,R1,-365814.67,,-196969.08,-196969.08,196969.08,MSCO,015G,0.0,PB,,0.0,0.0,0.0,FUTURES/VARIATION MARGIN,,,,,0,0,MS_PB_R1,,6_125712442_Morgan Stanley
9,5e3815a843338217dc17cf41,1108177632,UDB,,USD,038CDL8L6,,Futures Collateral,01-21-2020,987999XM6,DOLLARS,,USD,,,,01-21-2020,MA,-9958.07,,-8752.24,-8752.24,8752.24,MSCO,015G,0.0,PB,,0.0,0.0,0.0,FUTURES/VARIATION MARGIN,,,,,0,0,MS_PB_MA,,8_125712442_Morgan Stanley
10,5e3815a843338217dc17cf42,1108177634,UDB,,USD,038CDMM20,,Futures Collateral,01-21-2020,987999XM6,DOLLARS,,USD,,,,01-21-2020,MF,-27635.16,,-22160.04,-22160.04,22160.04,MSCO,015G,0.0,PB,,0.0,0.0,0.0,FUTURES/VARIATION MARGIN,,,,,0,0,MS_PB_MF,,9_125712442_Morgan Stanley
11,5e3815a843338217dc17cf4e,1108177646,UDB,,USD,038CDNXI1,,Futures Collateral,01-21-2020,987999XM6,DOLLARS,,USD,,,,01-21-2020,PO,-19871.82,,-15705.1,-15705.1,15705.1,MSCO,015G,0.0,PB,,0.0,0.0,0.0,FUTURES/VARIATION MARGIN,,,,,0,0,MS_PB_PO,,12_125712442_Morgan Stanley
12,5e3815a843338217dc17cf52,1108177648,UDB,,USD,038CDAA78,,Futures Collateral,01-21-2020,987999XM6,DOLLARS,,USD,,,,01-21-2020,OG,-92941.85,,-52221.0,-52221.0,52221.0,MSCO,015G,0.0,PB,,0.0,0.0,0.0,FUTURES/VARIATION MARGIN,,,,,0,0,MS_PB_OG,,2_125712442_Morgan Stanley
13,5e3815a843338217dc17cf54,1108177652,UDB,,USD,038CDACP6,,Futures Collateral,01-21-2020,987999XM6,DOLLARS,,USD,,,,01-21-2020,MS,-225796.45,,-112366.34,-112366.34,112366.34,MSCO,015G,0.0,PB,,0.0,0.0,0.0,FUTURES/VARIATION MARGIN,,,,,0,0,MS_PB_MS,,4_125712442_Morgan Stanley
14,5e3815a843338217dc17cf63,1108177680,UDB,,USD,038CDJ831,,Futures Collateral,01-21-2020,987999XM6,DOLLARS,,USD,,,,01-21-2020,R1,-365814.67,,-196969.08,-196969.08,196969.08,MSCO,015G,0.0,PB,,0.0,0.0,0.0,FUTURES/VARIATION MARGIN,,,,,0,0,MS_PB_R1,,6_125712442_Morgan Stanley
15,5e39463843338306b47f993e,1110603650,OB,,USD,04F099370,,AllocLeg,01-17-2020,99O24KV00,CALL- AXS 100 @ 65  EXP 03/20/2020,,AXS200320C00065000,BMG0692U1099,BMG0692U1099,2677606,01-21-2020,04F099370,-47.0,,-15022.32,-15022.32,15022.32,MSIP,015G,0.0,PB,,0.0,0.0,0.0,AllocLeg,03-20-2020,,,,0,0,MS_PB_A1,,"1961_125712442_Morgan Stanley,1963_125712442_Morgan Stanley,1678_125712442_Morgan Stanley,1687_125712442_Morgan Stanley,1679_125712442_Morgan Stanley,1674_125712442_Morgan Stanley,1686_125712442_Morgan Stanley,1676_125712442_Morgan Stanley,1962_125712442_Morgan Stanley,1675_125712442_Morgan Stanley,1677_125712442_Morgan Stanley,1685_125712442_Morgan Stanley"
16,5e3a6b4b1554580448c8913c,1112122801,SDB,,USD,00269215,US0268747849,Buy,01-21-2020,026874784,"AMERICAN INTL GROUP, INC. CMN",2027342,AIG,,,,01-23-2020,00269215,-39412.01,,-39412.01,-39412.01,39412.01,00269215,CA,0.0,,GS,756.0,52.1283,-3.02,,,,,,0,0,GSIL_PB_PO,,615_125715695_Goldman Sachs
17,5e3bd73b4333822c84a4bf61,1089527380,OB,,USD,038CDNXI1,,EQUITY SWAP LONG DIVIDEND,01-21-2020,987999XM6,DOLLARS,,USD,,,,01-21-2020,PO,0.25,,0.25,0.25,0.25,MSCO,015G,0.0,PB,,0.0,0.0,0.0,EQUITY SWAP LONG DIVIDEND,,,,,16,12,MS_PB_PO,,595_125712442_Morgan Stanley
18,5e3bd73b4333822c84a4bf87,1089527392,OB,,USD,038CDNXI1,,EQUITY SWAP SHORT DIVIDEND,01-21-2020,987999XM6,DOLLARS,,USD,,,,01-21-2020,PO,-0.16,,-0.16,-0.16,0.16,MSCO,015G,0.0,PB,,0.0,0.0,0.0,EQUITY SWAP SHORT DIVIDEND,,,,,16,12,MS_PB_PO,,596_125712442_Morgan Stanley
19,5e3bd73b4333822c84a4bfc7,1089527902,OB,,USD,04F099370,,QPWH9- EQSWAP DIV CLIENT TAX,01-21-2020,987999XM6,DOLLARS,,USD,,,,01-21-2020,04F099370,-0.41,,-0.41,-0.41,0.41,MSIP,015G,0.0,PB,,0.0,0.0,0.0,QPWH9- EQSWAP DIV CLIENT TAX,,,,,16,12,MS_PB_A1,,1958_125712442_Morgan Stanley
20,5e3bd73b4333822c84a4bfde,1089527733,OB,,USD,04F099370,,QPPE1- EQSWAP DIV CLIENT TAX,01-21-2020,987999XM6,DOLLARS,,USD,,,,01-21-2020,04F099370,-0.67,,-0.67,-0.67,0.67,MSIP,015G,0.0,PB,,0.0,0.0,0.0,QPPE1- EQSWAP DIV CLIENT TAX,,,,,16,12,MS_PB_A1,,1959_125712442_Morgan Stanley
21,5e3bd73b4333822c84a4c03b,1089492180,OB,,USD,04F099370,,AllocLeg,01-21-2020,99VJ9C1V3,CBT UST 10Y MAR20  FUTURE,,ZNH20.CBT,,,,01-21-2020,04F099370,-0.04,,-0.04,-0.04,0.04,MSIP,015G,0.0,PB,,0.0,0.0,0.0,AllocLeg,03-20-2020,,,,16,12,MS_PB_A1,,1704_125712442_Morgan Stanley
22,5e3bd73b4333822c84a4c0db,1089491261,OB,,USD,04F099370,,AllocLeg,01-21-2020,99VJ9C1T8,CBT US LONG TERM ULTRA TREAS BOND MAR20,,UBH20.CBT,,,,01-21-2020,04F099370,-0.04,,-0.04,-0.04,0.04,MSIP,015G,0.0,PB,,0.0,0.0,0.0,AllocLeg,03-20-2020,,,,16,12,MS_PB_A1,,1702_125712442_Morgan Stanley
23,5e3bd73b4333822c84a4c19b,1089527742,OB,,USD,04F099370,US36197T1034,GW PHRMA PLC,01-21-2020,36197T103,GW PHRMA PLC,B94RPL5,GWPH,GB0030544687,GB0030544687,3054468,01-21-2020,04F099370,-4.07,,-4.07,-4.07,4.07,MSIP,015G,0.0,PB,,0.0,0.0,0.0,GW PHRMA PLC,,,,,16,12,MS_PB_A1,,1957_125712442_Morgan Stanley
24,5e3bd73b4333822c84a4c206,1089527723,OB,,USD,04F099370,US04016X1019,ARGEN SE - ADR,01-21-2020,04016X101,ARGEN SE - ADR,BDVLM39,ARGX,NL0010832176,NL0010832176,BNHKYX4,01-21-2020,04F099370,-32.09,,-32.09,-32.09,32.09,MSIP,015G,0.0,PB,,0.0,0.0,0.0,ARGEN SE - ADR,,,,,16,12,MS_PB_A1,,1661_125712442_Morgan Stanley
25,5e3bd73b4333822c84a4c25c,1089527400,OB,,USD,038CDNXI1,,COLLATERAL TRANSFER,01-21-2020,987999XM6,DOLLARS,,USD,,,,01-21-2020,PO,33.05,,33.05,33.05,33.05,MSCO,015G,0.0,PB,,0.0,0.0,0.0,COLLATERAL TRANSFER,,,,,16,12,MS_PB_PO,,594_125712442_Morgan Stanley
26,5e3bd73b4333822c84a4c286,1089527769,OB,,USD,038CDL8L6,,COLLATERAL TRANSFER,01-21-2020,987999XM6,DOLLARS,,USD,,,,01-21-2020,MA,17.58,,17.58,17.58,17.58,MSCO,015G,0.0,PB,,0.0,0.0,0.0,COLLATERAL TRANSFER,,,,,16,12,MS_PB_MA,,1100_125712442_Morgan Stanley
27,5e3bd73b4333822c84a4c2c6,1089527323,OB,,USD,038CDJ831,,QO99F- EQSWAP DIV CLIENT TAX,01-21-2020,987999XM6,DOLLARS,,USD,,,,01-21-2020,R1,-3.41,,-3.41,-3.41,3.41,MSCO,015G,0.0,PB,,0.0,0.0,0.0,QO99F- EQSWAP DIV CLIENT TAX,,,,,16,12,MS_PB_R1,,104_125712442_Morgan Stanley
28,5e3bd73c4333822c84a4c30c,1092869096,SMB,,USD,MS_PB_A1,US30161N1019,Buy,01-17-2020,30161N101,EXELON CORP,2670519,EXC,,,,01-22-2020,A1,-229500.0,-229500.0,-229602.0,-102.0,102.0,MS,Common Stock,0.0,Common Stock,MS,5100.0,45.0,0.0,BUY LONG,,229500.0,0.0,EXC,15,11,MS_PB_A1,1915_125715430_Advent Geneva,2022_125715430_Morgan Stanley
29,5e3bd73c4333822c84a4c320,1092869654,SMB,,USD,MS_PB_A1,US9290891004,Buy,01-17-2020,929089100,VOYA FINANCIAL INC,BKWQ2N2,VOYA,,,,01-22-2020,A1,-60000.0,-60000.0,-60020.0,-20.0,20.0,MS,Common Stock,0.0,Common Stock,MS,1000.0,60.0,0.0,BUY LONG,,60000.0,0.0,VOYA,15,11,MS_PB_A1,2237_125715430_Advent Geneva,2029_125715430_Morgan Stanley
30,5e3bd73c4333822c84a4c324,1092869538,SMB,,USD,MS_PB_A1,US1013881065,Buy,01-17-2020,101388106,BOTTOMLINE TECH DEL,2389558,EPAY,,,,01-22-2020,A1,-60000.0,-60000.0,-60024.0,-24.0,24.0,MS,Common Stock,0.0,Common Stock,MS,1200.0,50.0,0.0,BUY LONG,,60000.0,0.0,EPAY,15,11,MS_PB_A1,2227_125715430_Advent Geneva,2028_125715430_Morgan Stanley
31,5e3bd73c4333822c84a4c343,1092872508,SMB,,USD,MS_PB_A1,US23355L1061,Buy,01-17-2020,23355L106,DXC TECHNOLOGY CO,BYXD7B3,DXC,,,,01-22-2020,A1,-72000.0,-72000.0,-72048.0,-48.0,48.0,MS,Common Stock,0.0,Common Stock,MS,2400.0,30.0,0.0,BUY LONG,,72000.0,0.0,DXC,15,11,MS_PB_A1,2226_125715430_Advent Geneva,2023_125715430_Morgan Stanley
32,5e3bd73c4333822c84a4c364,1092871289,SMB,,USD,MS_PB_A1,US29415F1049,Sell,01-17-2020,29415F104,ENVISTA HOLDINGS CORP,BK63SF3,NVST,,,,01-22-2020,A1,78298.38,78298.38,78244.37,-54.0100000000093,54.0100000000093,MS,Common Stock,0.0,Common Stock,MS,-2700.0,29.0,0.0,SELL SHORT,,78298.38,0.0,NVST,15,11,MS_PB_A1,2234_125715430_Advent Geneva,2034_125715430_Morgan Stanley
33,5e3bd73c4333822c84a4c366,1092869052,SMB,,USD,MS_PB_A1,US46116X1019,Buy,01-17-2020,46116X101,Intra-Cellular Therapies Inc,BHCB0P4,ITCI,,,,01-22-2020,A1,-3100.0,-3100.0,-3102.0,-2.0,2.0,MS,Common Stock,0.0,Common Stock,MS,100.0,31.0,0.0,BUY TO COVER,,3100.0,0.0,ITCI,15,11,MS_PB_A1,1897_125715430_Advent Geneva,2039_125715430_Morgan Stanley
34,5e3bd73c4333822c84a4c380,1092869588,SMB,,USD,MS_PB_A1,US20564W1053,Buy,01-17-2020,20564W105,COMSCORE INC,B1YWRF2,SCOR,,,,01-22-2020,A1,-31000.0,-31000.0,-31124.0,-124.0,124.0,MS,Common Stock,0.0,Common Stock,MS,6200.0,5.0,0.0,BUY LONG,,31000.0,0.0,SCOR,15,11,MS_PB_A1,2232_125715430_Advent Geneva,2030_125715430_Morgan Stanley
35,5e3bd73c4333822c84a4c39d,1092869108,SMB,,USD,MS_PB_A1,US0268747849,Buy,01-17-2020,026874784,AMERICAN INTERNATIONAL GROUP,2027342,AIG,,,,01-22-2020,A1,-94500.0,-94500.0,-94536.0,-36.0,36.0,MS,Common Stock,0.0,Common Stock,MS,1800.0,52.5,0.0,BUY LONG,,94500.0,0.0,AIG,15,11,MS_PB_A1,1916_125715430_Advent Geneva,2024_125715430_Morgan Stanley
36,5e3bd73c4333822c84a4c39e,1092869556,SMB,,USD,MS_PB_A1,GB00BDSFG982,Buy,01-17-2020,00BDSFG98,TECHNIPFMC PLC,BDSFG98,FTI,,,,01-22-2020,A1,-476000.0,-476000.0,-476476.0,-476.0,476.0,MS,Common Stock,0.0,Common Stock,MS,23800.0,20.0,0.0,BUY TO COVER,,476000.0,0.0,FTI,15,11,MS_PB_A1,2228_125715430_Advent Geneva,2036_125715430_Morgan Stanley
37,5e3bd73c4333822c84a4c3b2,1092872812,SMB,,USD,MS_PB_A1,BMG0750C1082,Buy,01-17-2020,G0750C108,AXALTA COATING SYSTEMS LTD,BSFWCF5,AXTA,,,,01-22-2020,A1,-710500.0,-710500.0,-710990.0,-490.0,490.0,MS,Common Stock,0.0,Common Stock,MS,24500.0,29.0,0.0,BUY LONG,,710500.0,0.0,AXTA,15,11,MS_PB_A1,2211_125715430_Advent Geneva,2021_125715430_Morgan Stanley
38,5e3bd73c4333822c84a4c3b8,1092870254,SMB,,USD,MS_PB_A1,US46116X1019,Sell,01-17-2020,46116X101,Intra-Cellular Therapies Inc,BHCB0P4,ITCI,,,,01-22-2020,A1,3599.93,3599.93,3597.92,-2.00999999999976,2.00999999999976,MS,Common Stock,0.0,Common Stock,MS,-100.0,36.0,0.0,SELL LONG,,3599.93,0.0,ITCI,15,11,MS_PB_A1,1917_125715430_Advent Geneva,2026_125715430_Morgan Stanley
39,5e3bd73c4333822c84a4c3c1,1092869520,SMB,,USD,MS_PB_A1,US10316T1043,Buy,01-17-2020,10316T104,BOX INC,BVB3BV2,BOX,,,,01-22-2020,A1,-76800.0,-76800.0,-76896.0,-96.0,96.0,MS,Common Stock,0.0,Common Stock,MS,4800.0,16.0,0.0,BUY LONG,,76800.0,0.0,BOX,15,11,MS_PB_A1,2225_125715430_Advent Geneva,2031_125715430_Morgan Stanley
40,5e3bd73c4333822c84a4c3e0,1092872079,SMB,,USD,MS_PB_A1,US4642876555,Buy,01-17-2020,464287655,RUSSELL 2000 INDEX,2622059,IWM,,,,01-22-2020,A1,-133200.0,-133200.0,-133216.0,-16.0,16.0,MS,Equity ETF,0.0,Equity ETF,MS,800.0,166.5,0.0,BUY LONG,,133200.0,0.0,IWM,15,11,MS_PB_A1,2229_125715430_Advent Geneva,2025_125715430_Morgan Stanley
41,5e3bd73c4333822c84a4c3f1,1092869578,SMB,,USD,MS_PB_A1,US8485771021,Buy,01-17-2020,848577102,SPIRIT AIRLINES INC,B3ZG8F4,SAVE,,,,01-22-2020,A1,-106250.0,-106250.0,-106300.0,-50.0,50.0,MS,Common Stock,0.0,Common Stock,MS,2500.0,42.5,0.0,BUY LONG,,106250.0,0.0,SAVE,15,11,MS_PB_A1,2231_125715430_Advent Geneva,2027_125715430_Morgan Stanley
42,5e3bd73c4333822c84a4c3fc,1092869597,SMB,,USD,MS_PB_A1,US6541061031,Sell,01-17-2020,654106103,NIKE INC,2640147,NKE,,,,01-22-2020,A1,299993.79,299993.79,299933.79,-60.0,60.0,MS,Common Stock,0.0,Common Stock,MS,-3000.0,100.0,0.0,SELL SHORT,,299993.79,0.0,NKE,15,11,MS_PB_A1,2233_125715430_Advent Geneva,2035_125715430_Morgan Stanley
43,5e3bd73c4333822c84a4c403,1092869567,SMB,,USD,MS_PB_A1,US22788C1053,Sell,01-17-2020,22788C105,CROWDSTRIKE HOLDINGS INC - A,BJJP138,CRWD,,,,01-22-2020,A1,106397.8,106397.8,106359.79,-38.0100000000093,38.0100000000093,MS,Common Stock,0.0,Common Stock,MS,-1900.0,56.0,0.0,SELL SHORT,,106397.8,0.0,CRWD,15,11,MS_PB_A1,2230_125715430_Advent Geneva,2033_125715430_Morgan Stanley
44,5e3bd73c4333822c84a4c426,1092869702,SMB,,USD,MS_PB_A1,US87162W1009,Sell,01-17-2020,87162W100,SYNNEX CORP,2002554,SNX,,,,01-22-2020,A1,124997.41,124997.41,124977.41,-20.0,20.0,MS,Common Stock,0.0,Common Stock,MS,-1000.0,125.0,0.0,SELL SHORT,,124997.41,0.0,SNX,15,11,MS_PB_A1,2238_125715430_Advent Geneva,2037_125715430_Morgan Stanley
45,5e3bd73c4333822c84a4c437,1092870244,SMB,,USD,MS_PB_A1,US46116X1019,Sell,01-17-2020,46116X101,Intra-Cellular Therapies Inc,BHCB0P4,ITCI,,,,01-22-2020,A1,2099.96,2099.96,2097.95,-2.01000000000022,2.01000000000022,MS,Common Stock,0.0,Common Stock,MS,-100.0,21.0,0.0,SELL SHORT,,2099.96,0.0,ITCI,15,11,MS_PB_A1,1909_125715430_Advent Geneva,2038_125715430_Morgan Stanley
46,5e3bd73c4333822c84a4c511,1093579883,UMB,,USD,MS_PB_A1,US61946M1009,Sell,01-21-2020,61946M100,MOSAIC ACQUISITION CORP-CL A,BHK9TY2,MOSC,,,,01-22-2020,A1,69893.01,69893.01,48925.12,-20967.89,20967.89,MS,Common Stock,0.0,Common Stock,MS,-6790.0,10.2935,0.0,DTC EXCHANGES,,69893.01,0.0,MOSC,15,11,MS_PB_A1,2255_125715430_Advent Geneva,"2050_125715430_Morgan Stanley,2051_125715430_Morgan Stanley,2049_125715430_Morgan Stanley"
47,5e3bd73c4333822c84a4c5b6,1093571692,UMB,,USD,MS_PB_A1,US7475251036,Sell,01-17-2020,747525103,QUALCOMM INC,2714923,QCOM,,,,01-22-2020,A1,170816.46,809983.23,809803.23,-180.0,180.0,MS,Common Stock,0.0,Common Stock,MS,-1898.0,90.0,0.0,SELL SHORT,,170816.46,0.0,QCOM,15,11,MS_PB_A1,"2235_125715430_Advent Geneva,2236_125715430_Advent Geneva",2032_125715430_Morgan Stanley
48,5e3d44554333821c04a39a0d,1118173749,UDB,,USD,MS_PB_A1,US0268747849,Buy,01-17-2020,026874784,AMERICAN INTERNATIONAL GROUP,2027342,AIG,,,,01-22-2020,A1,-94500.0,-94500.0,,94500.0,94500.0,MS,Common Stock,0.0,Common Stock,MS,1800.0,52.5,0.0,,,94500.0,0.0,AIG,0,0,MS_PB_A1,1916_125715430_Advent Geneva,
49,5e3d44554333821c04a39a33,1118173751,OB,,USD,MS_PB_A1,US0268747849,Buy,01-17-2020,026874784,AMERICAN INTERNATIONAL GROUP,2027342,AIG,,,,01-22-2020,A1,-94500.0,-94536.0,,94536.0,94536.0,MS,Common Stock,0.0,Common Stock,MS,1800.0,52.5,0.0,,,94500.0,0.0,AIG,0,0,MS_PB_A1,"2299_125734247_Advent Geneva,1916_125715430_Advent Geneva",
50,5e3d44554333821c04a39a51,1118173752,UMR,,USD,MS_PB_A1,US0268747849,Buy,01-17-2020,026874784,AMERICAN INTERNATIONAL GROUP,2027342,AIG,,,,01-22-2020,A1,-94500.0,-94536.0,-94536.0,0.0,0.0,MS,Common Stock,0.0,Common Stock,MS,1800.0,52.5,0.0,BUY LONG,,94500.0,0.0,AIG,0,0,MS_PB_A1,"2299_125734247_Advent Geneva,1916_125715430_Advent Geneva",2024_125715430_Morgan Stanley
51,5e41443c9bbee812ac1d640a,1120342045,UDB,,USD,MS_PB_A1,BMG0750C1082,Buy,01-17-2020,G0750C108,AXALTA COATING SYSTEMS LTD,BSFWCF5,AXTA,,,,01-22-2020,A1,-710500.0,-710500.0,,710500.0,710500.0,MS,Common Stock,0.0,Common Stock,MS,24500.0,29.0,0.0,,,710500.0,0.0,AXTA,0,0,MS_PB_A1,2211_125715430_Advent Geneva,
52,5e41443e9bbee812ac1d650e,1120342057,UDB,,USD,MS_PB_A1,US1013881065,Buy,01-17-2020,101388106,BOTTOMLINE TECH DEL,2389558,,,,,01-22-2020,A1,-60000.0,-60000.0,,60000.0,60000.0,MS,Common Stock,0.0,Common Stock,MS,1200.0,50.0,0.0,,,60000.0,0.0,EPAY,0,0,MS_PB_A1,2227_125715430_Advent Geneva,
53,5e41443f9bbee812ac1d6567,1120342061,UDB,,USD,MS_PB_A1,US10316T1043,Buy,01-17-2020,10316T104,BOX INC,BVB3BV2,BOX,,,,01-22-2020,A1,-76800.0,-76800.0,,76800.0,76800.0,MS,Common Stock,0.0,Common Stock,MS,4800.0,16.0,0.0,,,76800.0,0.0,BOX,0,0,MS_PB_A1,2225_125715430_Advent Geneva,
54,5e4144419bbee812ac1d666c,1120342073,UDB,,USD,MS_PB_A1,US20564W1053,Buy,01-17-2020,20564W105,COMSCORE INC,B1YWRF2,SCOR,,,,01-22-2020,A1,-31000.0,-31000.0,,31000.0,31000.0,MS,Common Stock,0.0,Common Stock,MS,6200.0,5.0,0.0,,,31000.0,0.0,SCOR,0,0,MS_PB_A1,2232_125715430_Advent Geneva,
55,5e4144439bbee812ac1d6716,1120342081,UDB,,USD,MS_PB_A1,US22788C1053,Sell,01-17-2020,22788C105,CROWDSTRIKE HOLDINGS INC - A,BJJP138,CRWD,,,,01-22-2020,A1,106397.8,106397.8,,-106397.8,106397.8,MS,Common Stock,0.0,Common Stock,MS,-1900.0,56.0,0.0,,,106397.8,0.0,CRWD,0,0,MS_PB_A1,2230_125715430_Advent Geneva,
56,5e4144439bbee812ac1d6750,1120342083,OB,,USD,MS_PB_A1,US22788C1053,Sell,01-17-2020,22788C105,CROWDSTRIKE HOLDINGS INC - A,BJJP138,CRWD,,,,01-22-2020,A1,106397.8,106359.79,,-106359.79,106359.79,MS,Common Stock,0.0,Common Stock,MS,-1900.0,56.0,0.0,,,106397.8,0.0,CRWD,0,0,MS_PB_A1,"2230_125715430_Advent Geneva,2188_125735874_Advent Geneva",
57,5e4144439bbee812ac1d6766,1120342084,UMR,,USD,MS_PB_A1,US22788C1053,Sell,01-17-2020,22788C105,CROWDSTRIKE HOLDINGS INC - A,BJJP138,CRWD,,,,01-22-2020,A1,106397.8,106359.79,106359.79,0.0,0.0,MS,Common Stock,0.0,Common Stock,MS,-1900.0,56.0,0.0,SELL SHORT,,106397.8,0.0,CRWD,0,0,MS_PB_A1,"2230_125715430_Advent Geneva,2188_125735874_Advent Geneva",2033_125715430_Morgan Stanley
58,5e4144489bbee812ac1d6a37,1120342118,UDB,,USD,MS_PB_A1,US23355L1061,Buy,01-17-2020,23355L106,DXC TECHNOLOGY CO,BYXD7B3,DXC,,,,01-22-2020,A1,-72000.0,-72000.0,,72000.0,72000.0,MS,Common Stock,0.0,Common Stock,MS,2400.0,30.0,0.0,,,72000.0,0.0,DXC,0,0,MS_PB_A1,2226_125715430_Advent Geneva,
59,5e4144489bbee812ac1d6a54,1120342120,OB,,USD,MS_PB_A1,US23355L1061,Buy,01-17-2020,23355L106,DXC TECHNOLOGY CO,BYXD7B3,DXC,,,,01-22-2020,A1,-72000.0,-72048.0,,72048.0,72048.0,MS,Common Stock,0.0,Common Stock,MS,2400.0,30.0,0.0,,,72000.0,0.0,DXC,0,0,MS_PB_A1,"2193_125735874_Advent Geneva,2226_125715430_Advent Geneva",
60,5e4144489bbee812ac1d6a6d,1120342121,UMR,,USD,MS_PB_A1,US23355L1061,Buy,01-17-2020,23355L106,DXC TECHNOLOGY CO,BYXD7B3,DXC,,,,01-22-2020,A1,-72000.0,-72048.0,-72048.0,0.0,0.0,MS,Common Stock,0.0,Common Stock,MS,2400.0,30.0,0.0,BUY LONG,,72000.0,0.0,DXC,0,0,MS_PB_A1,"2193_125735874_Advent Geneva,2226_125715430_Advent Geneva",2023_125715430_Morgan Stanley
61,5e4144499bbee812ac1d6b17,1120342126,UDB,,USD,MS_PB_A1,US30161N1019,Buy,01-17-2020,30161N101,EXELON CORP,2670519,EXC,,,,01-22-2020,A1,-229500.0,-229500.0,,229500.0,229500.0,MS,Common Stock,0.0,Common Stock,MS,5100.0,45.0,0.0,,,229500.0,0.0,EXC,0,0,MS_PB_A1,1915_125715430_Advent Geneva,
62,5e41444c9bbee812ac1d6cdd,1120342143,UDB,,USD,MS_PB_A1,US46116X1019,Buy,01-17-2020,46116X101,Intra-Cellular Therapies Inc,BHCB0P4,ITCI,,,,01-22-2020,A1,-3100.0,-3100.0,,3100.0,3100.0,MS,Common Stock,0.0,Common Stock,MS,100.0,31.0,0.0,,,3100.0,0.0,ITCI,0,0,MS_PB_A1,1897_125715430_Advent Geneva,
63,5e41444d9bbee812ac1d6d34,1120342240,UDB,,USD,MS_PB_A1,US46116X1019,Sell,01-17-2020,46116X101,Intra-Cellular Therapies Inc,BHCB0P4,ITCI,,,,01-22-2020,A1,3599.93,3599.93,,-3599.93,3599.93,MS,Common Stock,0.0,Common Stock,MS,-100.0,36.0,0.0,,,3599.93,0.0,ITCI,0,0,MS_PB_A1,1917_125715430_Advent Geneva,
64,5e41444d9bbee812ac1d6daa,1120342244,UDB,,USD,MS_PB_A1,US46116X1019,Sell,01-17-2020,46116X101,Intra-Cellular Therapies Inc,BHCB0P4,ITCI,,,,01-22-2020,A1,2099.96,2099.96,,-2099.96,2099.96,MS,Common Stock,0.0,Common Stock,MS,-100.0,21.0,0.0,,,2099.96,0.0,ITCI,0,0,MS_PB_A1,1909_125715430_Advent Geneva,
65,5e4144559bbee812ac1d7251,1120342296,UDB,,USD,MS_PB_A1,US6541061031,Sell,01-17-2020,654106103,NIKE INC,2640147,,,,,01-22-2020,A1,299993.79,299993.79,,-299993.79,299993.79,MS,Common Stock,0.0,Common Stock,MS,-3000.0,100.0,0.0,,,299993.79,0.0,NKE,0,0,MS_PB_A1,2233_125715430_Advent Geneva,
66,5e41445e9bbee812ac1d7876,1093571691,UDB,,USD,MS_PB_A1,US7475251036,Sell,01-17-2020,747525103,QUALCOMM INC,2714923,QCOM,,,,01-22-2020,A1,170816.46,809983.23,,-809983.23,809983.23,MS,Common Stock,0.0,Common Stock,MS,-1898.0,90.0,0.0,,,170816.46,0.0,QCOM,0,0,MS_PB_A1,"2235_125715430_Advent Geneva,2236_125715430_Advent Geneva",
67,5e41445e9bbee812ac1d7899,1120342360,OB,,USD,MS_PB_A1,US7475251036,Sell,01-17-2020,747525103,QUALCOMM INC,2714923,QCOM,,,,01-22-2020,A1,639166.77,809803.23,,-809803.23,809803.23,MS,Common Stock,0.0,Common Stock,MS,-7102.0,90.0,0.0,,,639166.77,0.0,QCOM,0,0,MS_PB_A1,"2198_125735874_Advent Geneva,2236_125715430_Advent Geneva,2235_125715430_Advent Geneva",
68,5e41445e9bbee812ac1d78b2,1120342361,UMR,,USD,MS_PB_A1,US7475251036,Sell,01-17-2020,747525103,QUALCOMM INC,2714923,QCOM,,,,01-22-2020,A1,639166.77,809803.23,809803.23,0.0,0.0,MS,Common Stock,0.0,Common Stock,MS,-7102.0,90.0,0.0,SELL SHORT,,639166.77,0.0,QCOM,0,0,MS_PB_A1,"2198_125735874_Advent Geneva,2236_125715430_Advent Geneva,2235_125715430_Advent Geneva",2032_125715430_Morgan Stanley
69,5e41445f9bbee812ac1d7941,1120342366,UDB,,USD,MS_PB_A1,US4642876555,Buy,01-17-2020,464287655,RUSSELL 2000 INDEX,2622059,IWM,,,,01-22-2020,A1,-133200.0,-133200.0,,133200.0,133200.0,MS,Equity ETF,0.0,Equity ETF,MS,800.0,166.5,0.0,,,133200.0,0.0,IWM,0,0,MS_PB_A1,2229_125715430_Advent Geneva,
70,5e4144649bbee812ac1d7c0a,1120342394,UDB,,USD,MS_PB_A1,US8485771021,Buy,01-17-2020,848577102,SPIRIT AIRLINES INC,B3ZG8F4,SAVE,,,,01-22-2020,A1,-106250.0,-106250.0,,106250.0,106250.0,MS,Common Stock,0.0,Common Stock,MS,2500.0,42.5,0.0,,,106250.0,0.0,SAVE,0,0,MS_PB_A1,2231_125715430_Advent Geneva,
71,5e4144669bbee812ac1d7d1b,1120342408,UDB,,USD,MS_PB_A1,GB00BDSFG982,Buy,01-17-2020,00BDSFG98,TECHNIPFMC PLC,BDSFG98,FTI,,,,01-22-2020,A1,-476000.0,-476000.0,,476000.0,476000.0,MS,Common Stock,0.0,Common Stock,MS,23800.0,20.0,0.0,,,476000.0,0.0,FTI,0,0,MS_PB_A1,2228_125715430_Advent Geneva,
72,5e41446a9bbee812ac1d7fd2,1120342440,UDB,,USD,MS_PB_A1,US9290891004,Buy,01-17-2020,929089100,VOYA FINANCIAL INC,BKWQ2N2,VOYA,,,,01-22-2020,A1,-60000.0,-60000.0,,60000.0,60000.0,MS,Common Stock,0.0,Common Stock,MS,1000.0,60.0,0.0,,,60000.0,0.0,VOYA,0,0,MS_PB_A1,2237_125715430_Advent Geneva,
73,5e4147649bbee812ac1d8f74,1120348878,UDB,,USD,MS_PB_A1,US29415F1049,Sell,01-17-2020,29415F104,ENVISTA HOLDINGS CORP,BK63SF3,NVST,,,,01-22-2020,A1,78298.38,78298.38,,-78298.38,78298.38,MS,Common Stock,0.0,Common Stock,MS,-2700.0,29.0,0.0,,,78298.38,0.0,NVST,0,0,MS_PB_A1,2234_125715430_Advent Geneva,
74,5e41476a9bbee812ac1d918b,1120348904,UDB,,USD,MS_PB_A1,US87162W1009,Sell,01-17-2020,87162W100,SYNNEX CORP,2002554,SNX,,,,01-22-2020,A1,124997.41,124997.41,,-124997.41,124997.41,MS,Common Stock,0.0,Common Stock,MS,-1000.0,125.0,0.0,,,124997.41,0.0,SNX,0,0,MS_PB_A1,2238_125715430_Advent Geneva,
75,5e41476d9bbee812ac1d9198,1120348906,OB,,USD,MS_PB_A1,US87162W1009,Sell,01-17-2020,87162W100,SYNNEX CORP,2002554,SNX,,,,01-22-2020,A1,124997.41,124977.41,,-124977.41,124977.41,MS,Common Stock,0.0,Common Stock,MS,-1000.0,125.0,0.0,,,124997.41,0.0,SNX,0,0,MS_PB_A1,"2238_125715430_Advent Geneva,2183_125735874_Advent Geneva",
76,5e41476f9bbee812ac1d9218,1120348909,UMR,,USD,MS_PB_A1,US87162W1009,Sell,01-17-2020,87162W100,SYNNEX CORP,2002554,SNX,,,,01-22-2020,A1,124997.41,124977.41,124977.41,0.0,0.0,MS,Common Stock,0.0,Common Stock,MS,-1000.0,125.0,0.0,SELL SHORT,,124997.41,0.0,SNX,0,0,MS_PB_A1,"2238_125715430_Advent Geneva,2183_125735874_Advent Geneva",2037_125715430_Morgan Stanley
77,5e428b2f9bbee70ecc3dfe1f,1123002599,UDB,,USD,MS_PB_A1,US61946M1009,Sell,01-21-2020,61946M100,MOSAIC ACQUISITION CORP-CL A,BHK9TY2,MOSC,,,,01-22-2020,A1,69893.01,69893.01,,-69893.01,69893.01,MS,Common Stock,0.0,Common Stock,MS,-6790.0,10.2935,0.0,,,69893.01,0.0,MOSC,0,0,MS_PB_A1,2255_125715430_Advent Geneva,
78,5e428b2f9bbee70ecc3dfe61,1123002604,UMT,,USD,MS_PB_A1,US61946M1009,Sell,01-21-2020,61946M100,MOSAIC ACQUISITION CORP-CL A,BHK9TY2,MOSC,,,,01-22-2020,A1,69893.01,69893.01,69893.02,0.0100000000093132,0.0100000000093132,MS,Common Stock,0.0,Common Stock,MS,-6790.0,10.2935,0.0,30% 04F099370 2020-01-22 1042s,,69893.01,0.0,MOSC,0,0,MS_PB_A1,2255_125715430_Advent Geneva,"2050_125715430_Morgan Stanley,2172_125726745_Morgan Stanley,2051_125715430_Morgan Stanley,2049_125715430_Morgan Stanley"
79,5e4a5ba61554581a80899bde,1120348878,SDB,,USD,MS_PB_A1,US29415F1049,Sell,01-17-2020,29415F104,ENVISTA HOLDINGS CORP,BK63SF3,NVST,,,,01-22-2020,A1,78298.38,78298.38,,-78298.38,78298.38,MS,Common Stock,0.0,Common Stock,MS,-2700.0,29.0,0.0,,,78298.38,0.0,NVST,0,0,MS_PB_A1,2234_125715430_Advent Geneva,
80,5e4a5ba61554581a80899be0,1120342061,SDB,,USD,MS_PB_A1,US10316T1043,Buy,01-17-2020,10316T104,BOX INC,BVB3BV2,BOX,,,,01-22-2020,A1,-76800.0,-76800.0,,76800.0,76800.0,MS,Common Stock,0.0,Common Stock,MS,4800.0,16.0,0.0,,,76800.0,0.0,BOX,0,0,MS_PB_A1,2225_125715430_Advent Geneva,
81,5e4a5ba61554581a80899be3,1120342357,SDB,,USD,MS_PB_A1,US7475251036,Sell,01-17-2020,747525103,QUALCOMM INC,2714923,QCOM,,,,01-22-2020,A1,639166.77,639166.77,,-639166.77,639166.77,MS,Common Stock,0.0,Common Stock,MS,-7102.0,90.0,0.0,,,639166.77,0.0,QCOM,19,13,MS_PB_A1,2235_125715430_Advent Geneva,
82,5e4a5ba61554581a80899be4,1120342358,SDB,,USD,MS_PB_A1,US7475251036,Sell,01-17-2020,747525103,QUALCOMM INC,2714923,QCOM,,,,01-22-2020,A1,170816.46,170816.46,,-170816.46,170816.46,MS,Common Stock,0.0,Common Stock,MS,-1898.0,90.0,0.0,,,170816.46,0.0,QCOM,19,13,MS_PB_A1,2236_125715430_Advent Geneva,
83,5e4a5ba61554581a80899be5,1120342296,SDB,,USD,MS_PB_A1,US6541061031,Sell,01-17-2020,654106103,NIKE INC,2640147,,,,,01-22-2020,A1,299993.79,299993.79,,-299993.79,299993.79,MS,Common Stock,0.0,Common Stock,MS,-3000.0,100.0,0.0,,,299993.79,0.0,NKE,0,0,MS_PB_A1,2233_125715430_Advent Geneva,
84,5e4a5ba61554581a80899be7,1120342408,SDB,,USD,MS_PB_A1,GB00BDSFG982,Buy,01-17-2020,00BDSFG98,TECHNIPFMC PLC,BDSFG98,FTI,,,,01-22-2020,A1,-476000.0,-476000.0,,476000.0,476000.0,MS,Common Stock,0.0,Common Stock,MS,23800.0,20.0,0.0,,,476000.0,0.0,FTI,0,0,MS_PB_A1,2228_125715430_Advent Geneva,
85,5e4a5ba61554581a80899bea,1120342073,SDB,,USD,MS_PB_A1,US20564W1053,Buy,01-17-2020,20564W105,COMSCORE INC,B1YWRF2,SCOR,,,,01-22-2020,A1,-31000.0,-31000.0,,31000.0,31000.0,MS,Common Stock,0.0,Common Stock,MS,6200.0,5.0,0.0,,,31000.0,0.0,SCOR,0,0,MS_PB_A1,2232_125715430_Advent Geneva,
86,5e4a5ba61554581a80899beb,1120342126,SDB,,USD,MS_PB_A1,US30161N1019,Buy,01-17-2020,30161N101,EXELON CORP,2670519,EXC,,,,01-22-2020,A1,-229500.0,-229500.0,,229500.0,229500.0,MS,Common Stock,0.0,Common Stock,MS,5100.0,45.0,0.0,,,229500.0,0.0,EXC,0,0,MS_PB_A1,1915_125715430_Advent Geneva,
87,5e4a5ba61554581a80899bee,1120342045,SDB,,USD,MS_PB_A1,BMG0750C1082,Buy,01-17-2020,G0750C108,AXALTA COATING SYSTEMS LTD,BSFWCF5,AXTA,,,,01-22-2020,A1,-710500.0,-710500.0,,710500.0,710500.0,MS,Common Stock,0.0,Common Stock,MS,24500.0,29.0,0.0,,,710500.0,0.0,AXTA,0,0,MS_PB_A1,2211_125715430_Advent Geneva,
88,5e4e45a843338312603b51bf,1090952459,UCB,,USD,CITIGM_PB_USD_R1,US61946M1009,Sell,01-21-2020,61946M100,MOSAIC ACQUISITION CORP-CL A,BHK9TY2,MOSC,,,,01-22-2020,R1,36047.91,36047.91,,-36047.91,36047.91,CITI,Common Stock,0.0,Common Stock,CITI,-3502.0,10.2935,0.0,,,36047.91,0.0,MOSC,0,0,CITIGM_PB_USD_R1,982_125713764_Advent Geneva,
89,5e54da1843338311986f0a41,1144891597,UDB,,USD,JPMNA_PB_DM,US25470F1049,Sell,01-17-2020,25470F104,DISCOVERY HOLDING CO-A,B3D7K31,DISCA,,,,01-22-2020,DM,74750.0,74750.0,,-74750.0,74750.0,JPM,Common Stock,0.0,Common Stock,JPM,-2300.0,32.5,0.0,,,74750.0,0.0,DISCA,0,0,JPMNA_PB_DM,9_125713861_Advent Geneva,
90,5e54da1c43338311986f0c4c,1144891621,UDB,,USD,JPMNA_PB_DM,US29415F1049,Sell,01-17-2020,29415F104,ENVISTA HOLDINGS CORP,BK63SF3,NVST,,,,01-22-2020,DM,704685.41,704685.41,,-704685.41,704685.41,JPM,Common Stock,0.0,Common Stock,JPM,-24300.0,29.0,0.0,,,704685.41,0.0,NVST,0,0,JPMNA_PB_DM,6_125713861_Advent Geneva,
91,5e54da1c43338311986f0c6c,1144891623,OB,,USD,JPMNA_PB_DM,US29415F1049,Sell,01-17-2020,29415F104,ENVISTA HOLDINGS CORP,BK63SF3,NVST,,,,01-22-2020,DM,704685.41,704660.41,,-704660.41,704660.41,JPM,Common Stock,0.0,Common Stock,JPM,-24300.0,29.0,0.0,,,704685.41,0.0,NVST,0,0,JPMNA_PB_DM,"6_125713861_Advent Geneva,32_125755088_Advent Geneva",
92,5e54da1c43338311986f0c80,1144891624,UMR,,USD,JPMNA_PB_DM,US29415F1049,Sell,01-17-2020,29415F104,ENVISTA HOLDINGS CORP,BK63SF3,NVST,,,,01-22-2020,DM,704685.41,704660.41,704660.41,0.0,0.0,JPM,Common Stock,0.0,Common Stock,JPM,-24300.0,29.0,0.0,S,,704685.41,0.0,NVST,0,0,JPMNA_PB_DM,"6_125713861_Advent Geneva,32_125755088_Advent Geneva",3_125709336_JP Morgan
93,5e54da2043338311986f0e59,1144891649,UDB,,USD,JPMNA_PB_DM,US6541061031,Sell,01-17-2020,654106103,NIKE INC,2640147,,,,,01-22-2020,DM,2759942.87,2759942.87,,-2759942.87,2759942.87,JPM,Common Stock,0.0,Common Stock,JPM,-27600.0,100.0,0.0,,,2759942.87,0.0,NKE,0,0,JPMNA_PB_DM,5_125713861_Advent Geneva,
94,5e54da2643338311986f121a,1144891692,UDB,,USD,JPMNA_PB_DM,US7475251036,Sell,01-17-2020,747525103,QUALCOMM INC,2714923,QCOM,,,,01-22-2020,DM,2546947.28,2546947.28,,-2546947.28,2546947.28,JPM,Common Stock,0.0,Common Stock,JPM,-28300.0,90.0,0.0,,,2546947.28,0.0,QCOM,0,0,JPMNA_PB_DM,7_125713861_Advent Geneva,
95,5e58f4b9433382314805f2f8,1092870452,OB,,GBP,MS_PB_PO,,EQUITY SWAP,01-01-2020,,"GREAT BRITIAN, POUNDS",,,,,,01-01-2020,PO,-35.2,-35.2,,35.2,35.2,MS,Cash and Equivalents,0.0,Cash and Equivalents,MS,0.0,0.0,,,,35.2,0.0,GBP=,37,27,MS_PB_PO,1367_125715430_Advent Geneva,
96,5e721b489bbee70bfcc901ef,1089491261,OB,,USD,04F099370,,AllocLeg,01-21-2020,99VJ9C1T8,CBT US LONG TERM ULTRA TREAS BOND MAR20,,UBH20.CBT,,,,01-21-2020,04F099370,-0.04,,-0.04,-0.04,0.04,MSIP,015G,0.0,PB,,0.0,0.0,0.0,AllocLeg,03-20-2020,,,,57,41,MS_PB_A1,,1702_125712442_Morgan Stanley
97,5e721b489bbee70bfcc901f0,1089492180,OB,,USD,04F099370,,AllocLeg,01-21-2020,99VJ9C1V3,CBT UST 10Y MAR20  FUTURE,,ZNH20.CBT,,,,01-21-2020,04F099370,-0.04,,-0.04,-0.04,0.04,MSIP,015G,0.0,PB,,0.0,0.0,0.0,AllocLeg,03-20-2020,,,,57,41,MS_PB_A1,,1704_125712442_Morgan Stanley
98,5e86ead943338200f8fd410b,1092870608,OB,,EUR,MS_PB_MA,,EQUITY SWAP,01-01-2020,,"EURO MEMBER COUNT, EURO",,,,,,01-01-2020,MA,-0.13,-0.13,,0.13,0.13,MS,Cash and Equivalents,0.0,Cash and Equivalents,MS,0.0,0.0,,,,0.13,0.0,EUR=,72,52,MS_PB_MA,269_125715430_Advent Geneva,
99,5e8ae83d9bbee811c8a9b57c,1092870586,OB,,EUR,MS_PB_R1,,EQUITY SWAP,01-01-2020,,"EURO MEMBER COUNT, EURO",,,,,,01-01-2020,R1,-0.07,-0.07,,0.07,0.07,MS,Cash and Equivalents,0.0,Cash and Equivalents,MS,0.0,0.0,,,,0.07,0.0,EUR=,75,53,MS_PB_R1,226_125715430_Advent Geneva,
100,5e9d76b99bbee71f70477c13,1090109230,UCB,,USD,05042099,USD018400003,CASH DEPOSIT,01-21-2020,911990257,IN NET USD,,USD,,,,01-21-2020,PO,0.91,,0.91,0.91,0.91,05042099,CA,0.0,,GS,0.0,0.0,0.0,,,,,,0,0,GSIL_PB_PO,,841_125713297_Goldman Sachs
101,5e9d76b99bbee71f70477c14,1090109210,UCB,,USD,00269215,USD018400003,PAYMENT,01-21-2020,911990257,IN NET USD,,USD,,,,01-21-2020,00269215,-0.91,,-0.91,-0.91,0.91,00269215,CA,0.0,,GS,0.0,0.0,0.0,,,,,,0,0,GSIL_PB_PO,,830_125713297_Goldman Sachs
102,5e9eacbf9bbee722d479854e,1241677398,UDB,,USD,GSIL_PB_PO,GB00BDSFG982,Buy,01-17-2020,00BDSFG98,TECHNIPFMC PLC,BDSFG98,FTI,,,,01-22-2020,PO,-84000.0,-84000.0,,84000.0,84000.0,GS,Common Stock,0.0,Common Stock,GS,4200.0,20.0,0.0,,,84000.0,0.0,FTI,0,0,GSIL_PB_PO,326_125713942_Advent Geneva,
103,5e9eacc19bbee722d479864b,1241677406,UDB,,USD,GSIL_PB_PO,US1013881065,Buy,01-17-2020,101388106,BOTTOMLINE TECH DEL,2389558,,,,,01-22-2020,PO,-10000.0,-10000.0,,10000.0,10000.0,GS,Common Stock,0.0,Common Stock,GS,200.0,50.0,0.0,,,10000.0,0.0,EPAY,0,0,GSIL_PB_PO,325_125713942_Advent Geneva,
104,5e9eacc19bbee722d47986a4,1241677410,UDB,,USD,GSIL_PB_PO,US9290891004,Buy,01-17-2020,929089100,VOYA FINANCIAL INC,BKWQ2N2,VOYA,,,,01-22-2020,PO,-12000.0,-12000.0,,12000.0,12000.0,GS,Common Stock,0.0,Common Stock,GS,200.0,60.0,0.0,,,12000.0,0.0,VOYA,0,0,GSIL_PB_PO,328_125713942_Advent Geneva,
105,5e9eacc19bbee722d47986c1,1241677412,OB,,USD,GSIL_PB_PO,US9290891004,Buy,01-17-2020,929089100,VOYA FINANCIAL INC,BKWQ2N2,VOYA,,,,01-22-2020,PO,-12000.0,-12015.0,,12015.0,12015.0,GS,Common Stock,0.0,Common Stock,GS,200.0,60.0,0.0,,,12000.0,0.0,VOYA,0,0,GSIL_PB_PO,"280_125827178_Advent Geneva,328_125713942_Advent Geneva",
106,5e9eacc29bbee722d47986da,1241677413,UMR,,USD,GSIL_PB_PO,US9290891004,Buy,01-17-2020,929089100,VOYA FINANCIAL INC,BKWQ2N2,VOYA,,,,01-22-2020,PO,-12000.0,-12015.0,-12015.0,0.0,0.0,GS,Common Stock,0.0,Common Stock,GS,200.0,60.0,0.0,,,12000.0,0.0,VOYA,0,0,GSIL_PB_PO,"280_125827178_Advent Geneva,328_125713942_Advent Geneva",14_125713942_Goldman Sachs
107,5e9eacc29bbee722d47986f9,1241677414,UDB,,USD,GSIL_PB_PO,BMG0750C1082,Buy,01-17-2020,G0750C108,AXALTA COATING SYSTEMS LTD,BSFWCF5,AXTA,,,,01-22-2020,PO,-127600.0,-127600.0,,127600.0,127600.0,GS,Common Stock,0.0,Common Stock,GS,4400.0,29.0,0.0,,,127600.0,0.0,AXTA,0,0,GSIL_PB_PO,292_125713942_Advent Geneva,
108,5e9eacc29bbee722d4798719,1241677416,OB,,USD,GSIL_PB_PO,BMG0750C1082,Buy,01-17-2020,G0750C108,AXALTA COATING SYSTEMS LTD,BSFWCF5,AXTA,,,,01-22-2020,PO,-127600.0,-127615.0,,127615.0,127615.0,GS,Common Stock,0.0,Common Stock,GS,4400.0,29.0,0.0,,,127600.0,0.0,AXTA,0,0,GSIL_PB_PO,"292_125713942_Advent Geneva,282_125827178_Advent Geneva",
109,5e9eacc29bbee722d4798731,1241677417,UMR,,USD,GSIL_PB_PO,BMG0750C1082,Buy,01-17-2020,G0750C108,AXALTA COATING SYSTEMS LTD,BSFWCF5,AXTA,,,,01-22-2020,PO,-127600.0,-127615.0,-127615.0,0.0,0.0,GS,Common Stock,0.0,Common Stock,GS,4400.0,29.0,0.0,,,127600.0,0.0,AXTA,0,0,GSIL_PB_PO,"292_125713942_Advent Geneva,282_125827178_Advent Geneva",22_125713942_Goldman Sachs
110,5e9eacc39bbee722d4798750,1241677418,UDB,,USD,GSIL_PB_PO,US29415F1049,Sell,01-17-2020,29415F104,ENVISTA HOLDINGS CORP,BK63SF3,NVST,,,,01-22-2020,PO,14499.7,14499.7,,-14499.7,14499.7,GS,Common Stock,0.0,Common Stock,GS,-500.0,29.0,0.0,,,14499.7,0.0,NVST,0,0,GSIL_PB_PO,327_125713942_Advent Geneva,
111,5ea931149bbee810d8e8ee61,1255452148,OB,,GBP,MS_PB_R1,,Transfer,01-01-2020,,"GREAT BRITIAN, POUNDS",,,,,,01-01-2020,R1,1406.15,-870.19,,870.19,870.19,MS,Cash and Equivalents,0.0,Cash and Equivalents,MS,1406.15,1.0,,,,1406.15,0.0,GBP=,0,0,MS_PB_R1,"249_125715430_Advent Geneva,248_125715430_Advent Geneva",
112,5ea931149bbee810d8e8ee77,1255452149,UMR,,GBP,MS_PB_R1,,Transfer,01-01-2020,999850023,"GREAT BRITIAN, POUNDS",,GBP FX,,,,01-01-2020,R1,1406.15,-870.19,-870.19,0.0,0.0,MS,Cash and Equivalents,0.0,Cash and Equivalents,MS,1406.15,1.0,0.0,EQUITY SWAP RESET PAYMENT,,1406.15,0.0,GBP=,0,0,MS_PB_R1,"249_125715430_Advent Geneva,248_125715430_Advent Geneva",908_125689462_Morgan Stanley
113,5eaaadea4333820d0cec16d6,1092870586,OB,,EUR,MS_PB_R1,,EQUITY SWAP,01-01-2020,,"EURO MEMBER COUNT, EURO",,,,,,01-01-2020,R1,-0.07,-0.07,,0.07,0.07,MS,Cash and Equivalents,0.0,Cash and Equivalents,MS,0.0,0.0,,,,0.07,0.0,EUR=,99,71,MS_PB_R1,226_125715430_Advent Geneva,
114,5eaaadea4333820d0cec16d7,1092870613,OB,,EUR,MS_PB_R1,,Transfer,01-01-2020,,"EURO MEMBER COUNT, EURO",,,,,,01-01-2020,R1,22.88,22.88,,-22.88,22.88,MS,Cash and Equivalents,0.0,Cash and Equivalents,MS,22.88,1.0,,,,22.88,0.0,EUR=,99,71,MS_PB_R1,225_125715430_Advent Geneva,
115,5eaab8ac4333820d0ced1122,1092870652,OB,,GBP,MS_PB_R1,,Transfer,01-16-2020,,"GREAT BRITIAN, POUNDS",,,,,,01-16-2020,R1,1406.15,1406.15,,-1406.15,1406.15,MS,Cash and Equivalents,0.0,Cash and Equivalents,MS,1406.15,1.0,,,,1406.15,0.0,GBP=,99,71,MS_PB_R1,238_125715430_Advent Geneva,
116,5eaab8ac4333820d0ced1123,1092870693,OB,,GBP,MS_PB_R1,,EQUITY SWAP,01-16-2020,,"GREAT BRITIAN, POUNDS",,,,,,01-16-2020,R1,-915.29,-915.29,,915.29,915.29,MS,Cash and Equivalents,0.0,Cash and Equivalents,MS,0.0,0.0,,,,915.29,0.0,GBP=,99,71,MS_PB_R1,240_125715430_Advent Geneva,
117,5eaae7b64333820d0ceef131,1092870641,OB,,GBP,MS_PB_MA,,Transfer,01-16-2020,,"GREAT BRITIAN, POUNDS",,,,,,01-16-2020,MA,24.37,24.37,,-24.37,24.37,MS,Cash and Equivalents,0.0,Cash and Equivalents,MS,24.37,1.0,,,,24.37,0.0,GBP=,99,71,MS_PB_MA,271_125715430_Advent Geneva,
118,5eaae7b64333820d0ceef139,1092870588,OB,,GBP,MS_PB_MA,,EQUITY SWAP,01-16-2020,,"GREAT BRITIAN, POUNDS",,,,,,01-16-2020,MA,-15.87,-15.87,,15.87,15.87,MS,Cash and Equivalents,0.0,Cash and Equivalents,MS,0.0,0.0,,,,15.87,0.0,GBP=,99,71,MS_PB_MA,273_125715430_Advent Geneva,
119,5eaae7b64333820d0ceef13e,1092870594,OB,,GBP,MS_PB_MS,,Transfer,01-16-2020,,"GREAT BRITIAN, POUNDS",,,,,,01-16-2020,MS,917.55,917.55,,-917.55,917.55,MS,Cash and Equivalents,0.0,Cash and Equivalents,MS,917.55,1.0,,,,917.55,0.0,GBP=,99,71,MS_PB_MS,18_125715430_Advent Geneva,
120,5eaae7b64333820d0ceef141,1092870668,OB,,GBP,MS_PB_OG,,EQUITY SWAP,01-16-2020,,"GREAT BRITIAN, POUNDS",,,,,,01-16-2020,OG,-184.44,-184.44,,184.44,184.44,MS,Cash and Equivalents,0.0,Cash and Equivalents,MS,0.0,0.0,,,,184.44,0.0,GBP=,99,71,MS_PB_OG,162_125715430_Advent Geneva,
121,5eaae7b64333820d0ceef147,1092870614,OB,,GBP,MS_PB_OG,,Transfer,01-16-2020,,"GREAT BRITIAN, POUNDS",,,,,,01-16-2020,OG,283.35,283.35,,-283.35,283.35,MS,Cash and Equivalents,0.0,Cash and Equivalents,MS,283.35,1.0,,,,283.35,0.0,GBP=,99,71,MS_PB_OG,146_125715430_Advent Geneva,
122,5eaae7b64333820d0ceef14a,1092870565,OB,,GBP,MS_PB_PO,,Transfer,01-16-2020,,"GREAT BRITIAN, POUNDS",,,,,,01-16-2020,PO,12.29,12.29,,-12.29,12.29,MS,Cash and Equivalents,0.0,Cash and Equivalents,MS,12.29,1.0,,,,12.29,0.0,GBP=,99,71,MS_PB_PO,1361_125715430_Advent Geneva,
123,5eaae7b64333820d0ceef14b,1092870561,OB,,GBP,MS_PB_MS,,EQUITY SWAP,01-16-2020,,"GREAT BRITIAN, POUNDS",,,,,,01-16-2020,MS,-597.25,-597.25,,597.25,597.25,MS,Cash and Equivalents,0.0,Cash and Equivalents,MS,0.0,0.0,,,,597.25,0.0,GBP=,99,71,MS_PB_MS,20_125715430_Advent Geneva,
124,5eaaee044333820d0cef641f,1092870641,OB,,GBP,MS_PB_MA,,Transfer,01-16-2020,,"GREAT BRITIAN, POUNDS",,,,,,01-16-2020,MA,24.37,24.37,,-24.37,24.37,MS,Cash and Equivalents,0.0,Cash and Equivalents,MS,24.37,1.0,,,,24.37,0.0,GBP=,99,71,MS_PB_MA,271_125715430_Advent Geneva,
125,5eaaee044333820d0cef6423,1092870594,OB,,GBP,MS_PB_MS,,Transfer,01-16-2020,,"GREAT BRITIAN, POUNDS",,,,,,01-16-2020,MS,917.55,917.55,,-917.55,917.55,MS,Cash and Equivalents,0.0,Cash and Equivalents,MS,917.55,1.0,,,,917.55,0.0,GBP=,99,71,MS_PB_MS,18_125715430_Advent Geneva,
126,5eaaee044333820d0cef6426,1092870588,OB,,GBP,MS_PB_MA,,EQUITY SWAP,01-16-2020,,"GREAT BRITIAN, POUNDS",,,,,,01-16-2020,MA,-15.87,-15.87,,15.87,15.87,MS,Cash and Equivalents,0.0,Cash and Equivalents,MS,0.0,0.0,,,,15.87,0.0,GBP=,99,71,MS_PB_MA,273_125715430_Advent Geneva,
127,5eaaee044333820d0cef6430,1092870614,OB,,GBP,MS_PB_OG,,Transfer,01-16-2020,,"GREAT BRITIAN, POUNDS",,,,,,01-16-2020,OG,283.35,283.35,,-283.35,283.35,MS,Cash and Equivalents,0.0,Cash and Equivalents,MS,283.35,1.0,,,,283.35,0.0,GBP=,99,71,MS_PB_OG,146_125715430_Advent Geneva,
128,5eaaee044333820d0cef6435,1092870561,OB,,GBP,MS_PB_MS,,EQUITY SWAP,01-16-2020,,"GREAT BRITIAN, POUNDS",,,,,,01-16-2020,MS,-597.25,-597.25,,597.25,597.25,MS,Cash and Equivalents,0.0,Cash and Equivalents,MS,0.0,0.0,,,,597.25,0.0,GBP=,99,71,MS_PB_MS,20_125715430_Advent Geneva,
129,5eaaee044333820d0cef6436,1092870565,OB,,GBP,MS_PB_PO,,Transfer,01-16-2020,,"GREAT BRITIAN, POUNDS",,,,,,01-16-2020,PO,12.29,12.29,,-12.29,12.29,MS,Cash and Equivalents,0.0,Cash and Equivalents,MS,12.29,1.0,,,,12.29,0.0,GBP=,99,71,MS_PB_PO,1361_125715430_Advent Geneva,
130,5eaaee044333820d0cef643d,1092870668,OB,,GBP,MS_PB_OG,,EQUITY SWAP,01-16-2020,,"GREAT BRITIAN, POUNDS",,,,,,01-16-2020,OG,-184.44,-184.44,,184.44,184.44,MS,Cash and Equivalents,0.0,Cash and Equivalents,MS,0.0,0.0,,,,184.44,0.0,GBP=,99,71,MS_PB_OG,162_125715430_Advent Geneva,
131,5eabb7b21554582e485d8330,1092870586,SDB,,EUR,MS_PB_R1,,EQUITY SWAP,01-01-2020,,"EURO MEMBER COUNT, EURO",,,,,,01-01-2020,R1,-0.07,-0.07,,0.07,0.07,MS,Cash and Equivalents,0.0,Cash and Equivalents,MS,0.0,0.0,,,,0.07,0.0,EUR=,99,71,MS_PB_R1,226_125715430_Advent Geneva,
132,5eabb7b21554582e485d8331,1092870613,SDB,,EUR,MS_PB_R1,,Transfer,01-01-2020,,"EURO MEMBER COUNT, EURO",,,,,,01-01-2020,R1,22.88,22.88,,-22.88,22.88,MS,Cash and Equivalents,0.0,Cash and Equivalents,MS,22.88,1.0,,,,22.88,0.0,EUR=,99,71,MS_PB_R1,225_125715430_Advent Geneva,
133,5eabcaa21554582e48639f60,1092870613,SDB,,EUR,MS_PB_R1,,Transfer,01-01-2020,,"EURO MEMBER COUNT, EURO",,,,,,01-01-2020,R1,22.88,22.88,,-22.88,22.88,MS,Cash and Equivalents,0.0,Cash and Equivalents,MS,22.88,1.0,,,,22.88,0.0,EUR=,99,71,MS_PB_R1,225_125715430_Advent Geneva,
134,5eabcaa21554582e48639fa8,1092870586,SDB,,EUR,MS_PB_R1,,EQUITY SWAP,01-01-2020,,"EURO MEMBER COUNT, EURO",,,,,,01-01-2020,R1,-0.07,-0.07,,0.07,0.07,MS,Cash and Equivalents,0.0,Cash and Equivalents,MS,0.0,0.0,,,,0.07,0.0,EUR=,99,71,MS_PB_R1,226_125715430_Advent Geneva,
135,5eafefe14333831f9c77e88c,1092870554,OB,,EUR,MS_PB_MA,,Transfer,01-01-2020,,"EURO MEMBER COUNT, EURO",,,,,,01-01-2020,MA,43.33,43.33,,-43.33,43.33,MS,Cash and Equivalents,0.0,Cash and Equivalents,MS,43.33,1.0,,,,43.33,0.0,EUR=,103,73,MS_PB_MA,268_125715430_Advent Geneva,
136,5eafefe14333831f9c77e897,1092870608,OB,,EUR,MS_PB_MA,,EQUITY SWAP,01-01-2020,,"EURO MEMBER COUNT, EURO",,,,,,01-01-2020,MA,-0.13,-0.13,,0.13,0.13,MS,Cash and Equivalents,0.0,Cash and Equivalents,MS,0.0,0.0,,,,0.13,0.0,EUR=,103,73,MS_PB_MA,269_125715430_Advent Geneva,
137,5eb133bb43338201c06f8955,1092870458,OB,,GBP,MS_PB_MA,,EQUITY SWAP,01-01-2020,,"GREAT BRITIAN, POUNDS",,,,,,01-01-2020,MA,-39.45,-39.45,,39.45,39.45,MS,Cash and Equivalents,0.0,Cash and Equivalents,MS,0.0,0.0,,,,39.45,0.0,GBP=,104,74,MS_PB_MA,281_125715430_Advent Geneva,
138,5eb133bb43338201c06f895a,1092870588,OB,,GBP,MS_PB_MA,,EQUITY SWAP,01-16-2020,,"GREAT BRITIAN, POUNDS",,,,,,01-16-2020,MA,-15.87,-15.87,,15.87,15.87,MS,Cash and Equivalents,0.0,Cash and Equivalents,MS,0.0,0.0,,,,15.87,0.0,GBP=,104,74,MS_PB_MA,273_125715430_Advent Geneva,
139,5eb133bb43338201c06f897d,1092870663,OB,,GBP,MS_PB_MA,,Transfer,01-01-2020,,"GREAT BRITIAN, POUNDS",,,,,,01-01-2020,MA,24.37,24.37,,-24.37,24.37,MS,Cash and Equivalents,0.0,Cash and Equivalents,MS,24.37,1.0,,,,24.37,0.0,GBP=,104,74,MS_PB_MA,280_125715430_Advent Geneva,
140,5eb133bb43338201c06f898a,1092870641,OB,,GBP,MS_PB_MA,,Transfer,01-16-2020,,"GREAT BRITIAN, POUNDS",,,,,,01-16-2020,MA,24.37,24.37,,-24.37,24.37,MS,Cash and Equivalents,0.0,Cash and Equivalents,MS,24.37,1.0,,,,24.37,0.0,GBP=,104,74,MS_PB_MA,271_125715430_Advent Geneva,
141,5eb1342443338201c06f8bb1,1265615599,OB,,GBP,MS_PB_MA,,EQUITY SWAP,01-16-2020,,"GREAT BRITIAN, POUNDS",,,,,,01-16-2020,MA,-15.87,25951.21,,-25951.21,25951.21,MS,Cash and Equivalents,0.0,Cash and Equivalents,MS,0.0,0.0,,,,15.87,0.0,GBP=,0,0,MS_PB_MA,"5952_125832988_Advent Geneva,273_125715430_Advent Geneva,2522_125800799_Advent Geneva,2525_125800799_Advent Geneva,1825_125834720_Advent Geneva,1619_125841837_Advent Geneva,2521_125800799_Advent Geneva,5810_125832988_Advent Geneva,438_125740039_Advent Geneva,1005_125785315_Advent Geneva,6088_125832988_Advent Geneva,1835_125834720_Advent Geneva,1842_125834720_Advent Geneva,1822_125834720_Advent Geneva,2878_125840734_Advent Geneva,5963_125832988_Advent Geneva,1623_125841837_Advent Geneva,6083_125832988_Advent Geneva,439_125740039_Advent Geneva,5966_125832988_Advent Geneva,5917_125832988_Advent Geneva,281_125715430_Advent Geneva,2523_125800799_Advent Geneva,5954_125832988_Advent Geneva,5951_125832988_Advent Geneva,6089_125832988_Advent Geneva,5808_125832988_Advent Geneva,280_125715430_Advent Geneva,5920_125832988_Advent Geneva,1008_125785315_Advent Geneva,271_125715430_Advent Geneva,5948_125832988_Advent Geneva,1831_125834720_Advent Geneva,5809_125832988_Advent Geneva,1740_125834720_Advent Geneva,2520_125800799_Advent Geneva,5765_125832988_Advent Geneva,1843_125834720_Advent Geneva,5937_125832988_Advent Geneva,5955_125832988_Advent Geneva,3390_125799027_Advent Geneva,1823_125834720_Advent Geneva,4676_125841837_Advent Geneva,1837_125834720_Advent Geneva,5946_125832988_Advent Geneva,5664_125832988_Advent Geneva,1834_125834720_Advent Geneva,5912_125832988_Advent Geneva,5929_125832988_Advent Geneva,5913_125832988_Advent Geneva,5964_125832988_Advent Geneva,5956_125832988_Advent Geneva,6084_125832988_Advent Geneva,5931_125832988_Advent Geneva,4670_125841837_Advent Geneva,1397_125802617_Advent Geneva,5962_125832988_Advent Geneva,2524_125800799_Advent Geneva,1828_125834720_Advent Geneva,1833_125834720_Advent Geneva,2877_125840734_Advent Geneva,1758_125834720_Advent Geneva,1829_125834720_Advent Geneva,5915_125832988_Advent Geneva,1840_125834720_Advent Geneva,5957_125832988_Advent Geneva,1112_125768366_Advent Geneva,5949_125832988_Advent Geneva,1752_125834720_Advent Geneva,1732_125834720_Advent Geneva,1826_125834720_Advent Geneva,2457_125831128_Advent Geneva,5916_125832988_Advent Geneva,5738_125832988_Advent Geneva,4675_125841837_Advent Geneva,1838_125834720_Advent Geneva,5947_125832988_Advent Geneva,1841_125834720_Advent Geneva,4671_125841837_Advent Geneva",
142,5eb1342643338201c06f8d9b,1265615601,UMT,,GBP,MS_PB_MA,,EQUITY SWAP,01-16-2020,999850023,"GREAT BRITIAN, POUNDS",,GBP FX,,,,01-16-2020,MA,-15.87,25951.21,25950.39,-0.819999999999709,0.819999999999709,MS,Cash and Equivalents,0.0,Cash and Equivalents,MS,0.0,0.0,0.0,EQUITY SWAP LONG PERFORMANCE,,15.87,0.0,GBP=,0,0,MS_PB_MA,"5952_125832988_Advent Geneva,273_125715430_Advent Geneva,2522_125800799_Advent Geneva,2525_125800799_Advent Geneva,1825_125834720_Advent Geneva,1619_125841837_Advent Geneva,2521_125800799_Advent Geneva,5810_125832988_Advent Geneva,438_125740039_Advent Geneva,1005_125785315_Advent Geneva,6088_125832988_Advent Geneva,1835_125834720_Advent Geneva,1842_125834720_Advent Geneva,1822_125834720_Advent Geneva,2878_125840734_Advent Geneva,5963_125832988_Advent Geneva,1623_125841837_Advent Geneva,6083_125832988_Advent Geneva,439_125740039_Advent Geneva,5966_125832988_Advent Geneva,5917_125832988_Advent Geneva,281_125715430_Advent Geneva,2523_125800799_Advent Geneva,5954_125832988_Advent Geneva,5951_125832988_Advent Geneva,6089_125832988_Advent Geneva,5808_125832988_Advent Geneva,280_125715430_Advent Geneva,5920_125832988_Advent Geneva,1008_125785315_Advent Geneva,271_125715430_Advent Geneva,5948_125832988_Advent Geneva,1831_125834720_Advent Geneva,5809_125832988_Advent Geneva,1740_125834720_Advent Geneva,2520_125800799_Advent Geneva,5765_125832988_Advent Geneva,1843_125834720_Advent Geneva,5937_125832988_Advent Geneva,5955_125832988_Advent Geneva,3390_125799027_Advent Geneva,1823_125834720_Advent Geneva,4676_125841837_Advent Geneva,1837_125834720_Advent Geneva,5946_125832988_Advent Geneva,5664_125832988_Advent Geneva,1834_125834720_Advent Geneva,5912_125832988_Advent Geneva,5929_125832988_Advent Geneva,5913_125832988_Advent Geneva,5964_125832988_Advent Geneva,5956_125832988_Advent Geneva,6084_125832988_Advent Geneva,5931_125832988_Advent Geneva,4670_125841837_Advent Geneva,1397_125802617_Advent Geneva,5962_125832988_Advent Geneva,2524_125800799_Advent Geneva,1828_125834720_Advent Geneva,1833_125834720_Advent Geneva,2877_125840734_Advent Geneva,1758_125834720_Advent Geneva,1829_125834720_Advent Geneva,5915_125832988_Advent Geneva,1840_125834720_Advent Geneva,5957_125832988_Advent Geneva,1112_125768366_Advent Geneva,5949_125832988_Advent Geneva,1752_125834720_Advent Geneva,1732_125834720_Advent Geneva,1826_125834720_Advent Geneva,2457_125831128_Advent Geneva,5916_125832988_Advent Geneva,5738_125832988_Advent Geneva,4675_125841837_Advent Geneva,1838_125834720_Advent Geneva,5947_125832988_Advent Geneva,1841_125834720_Advent Geneva,4671_125841837_Advent Geneva","451_125741682_Morgan Stanley,831_125783607_Morgan Stanley,2250_125780911_Morgan Stanley,1911_125790161_Morgan Stanley,830_125783607_Morgan Stanley,1911_125759061_Morgan Stanley,1040_125762614_Morgan Stanley,1908_125790161_Morgan Stanley,324_125689462_Morgan Stanley,477_125777188_Morgan Stanley,1910_125790161_Morgan Stanley,318_125747818_Morgan Stanley,789_125779525_Morgan Stanley,1910_125759061_Morgan Stanley,393_125745119_Morgan Stanley,984_125706220_Morgan Stanley,1584_125764665_Morgan Stanley,394_125745119_Morgan Stanley,957_125802617_Morgan Stanley,582_125760603_Morgan Stanley,360_125740039_Morgan Stanley,829_125783607_Morgan Stanley,955_125802617_Morgan Stanley,2247_125780911_Morgan Stanley,738_125797622_Morgan Stanley,1038_125762614_Morgan Stanley,1907_125759061_Morgan Stanley,1036_125762614_Morgan Stanley,833_125783607_Morgan Stanley,392_125745119_Morgan Stanley,781_125779525_Morgan Stanley,141_125743354_Morgan Stanley,142_125743354_Morgan Stanley,589_125751631_Morgan Stanley,2141_125773643_Morgan Stanley,584_125760603_Morgan Stanley,481_125777188_Morgan Stanley,317_125747818_Morgan Stanley,364_125740039_Morgan Stanley,483_125795502_Morgan Stanley,448_125741682_Morgan Stanley,19_125745952_Morgan Stanley,1639_125700476_Morgan Stanley,1553_125791812_Morgan Stanley,450_125741682_Morgan Stanley,480_125777188_Morgan Stanley,1909_125790161_Morgan Stanley,964_125802617_Morgan Stanley,140_125743354_Morgan Stanley,1551_125791812_Morgan Stanley,960_125802617_Morgan Stanley,780_125779525_Morgan Stanley,787_125779525_Morgan Stanley,361_125740039_Morgan Stanley,359_125740039_Morgan Stanley,2248_125780911_Morgan Stanley,1550_125791812_Morgan Stanley,576_125793691_Morgan Stanley,1909_125759061_Morgan Stanley,391_125745119_Morgan Stanley,965_125802617_Morgan Stanley,963_125802617_Morgan Stanley,782_125779525_Morgan Stanley,785_125779525_Morgan Stanley,1587_125764665_Morgan Stanley,1037_125762614_Morgan Stanley,588_125751631_Morgan Stanley,1582_125764665_Morgan Stanley,1029_125721422_Morgan Stanley,143_125743354_Morgan Stanley,2349_125841837_Morgan Stanley,1039_125762614_Morgan Stanley,20_125745952_Morgan Stanley,581_125760603_Morgan Stanley,958_125802617_Morgan Stanley,1470_125799027_Morgan Stanley,444_125741682_Morgan Stanley,981_125706220_Morgan Stanley,1556_125791812_Morgan Stanley,435_125806086_Morgan Stanley,1906_125759061_Morgan Stanley,1971_125770113_Morgan Stanley,433_125800799_Morgan Stanley,585_125760603_Morgan Stanley,1908_125759061_Morgan Stanley,534_125753494_Morgan Stanley,478_125777188_Morgan Stanley,390_125745119_Morgan Stanley,325_125689462_Morgan Stanley,580_125760603_Morgan Stanley,1316_125772044_Morgan Stanley,832_125783607_Morgan Stanley,479_125777188_Morgan Stanley,578_125793691_Morgan Stanley,2249_125780911_Morgan Stanley,956_125802617_Morgan Stanley,485_125795502_Morgan Stanley,445_125741682_Morgan Stanley,583_125760603_Morgan Stanley"
143,5eb1365543338201c06f9d94,1092870471,OB,,GBP,MS_PB_MF,,Transfer,01-01-2020,,"GREAT BRITIAN, POUNDS",,,,,,01-01-2020,MF,51.05,51.05,,-51.05,51.05,MS,Cash and Equivalents,0.0,Cash and Equivalents,MS,51.05,1.0,,,,51.05,0.0,GBP=,104,74,MS_PB_MF,1167_125715430_Advent Geneva,
144,5eb1365543338201c06f9e0b,1092870497,OB,,GBP,MS_PB_MF,,EQUITY SWAP,01-01-2020,,"GREAT BRITIAN, POUNDS",,,,,,01-01-2020,MF,-82.64,-82.64,,82.64,82.64,MS,Cash and Equivalents,0.0,Cash and Equivalents,MS,0.0,0.0,,,,82.64,0.0,GBP=,104,74,MS_PB_MF,1168_125715430_Advent Geneva,
145,5eb1389743338201c06fbc2c,1092870594,OB,,GBP,MS_PB_MS,,Transfer,01-16-2020,,"GREAT BRITIAN, POUNDS",,,,,,01-16-2020,MS,917.55,917.55,,-917.55,917.55,MS,Cash and Equivalents,0.0,Cash and Equivalents,MS,917.55,1.0,,,,917.55,0.0,GBP=,104,74,MS_PB_MS,18_125715430_Advent Geneva,
146,5eb1389743338201c06fbc41,1092870537,OB,,GBP,MS_PB_MS,,Transfer,01-01-2020,,"GREAT BRITIAN, POUNDS",,,,,,01-01-2020,MS,917.55,917.55,,-917.55,917.55,MS,Cash and Equivalents,0.0,Cash and Equivalents,MS,917.55,1.0,,,,917.55,0.0,GBP=,104,74,MS_PB_MS,29_125715430_Advent Geneva,
147,5eb1389743338201c06fbc9d,1092870510,OB,,GBP,MS_PB_MS,,EQUITY SWAP,01-01-2020,,"GREAT BRITIAN, POUNDS",,,,,,01-01-2020,MS,-1485.37,-1485.37,,1485.37,1485.37,MS,Cash and Equivalents,0.0,Cash and Equivalents,MS,0.0,0.0,,,,1485.37,0.0,GBP=,104,74,MS_PB_MS,30_125715430_Advent Geneva,
148,5eb1389743338201c06fbcc8,1092870561,OB,,GBP,MS_PB_MS,,EQUITY SWAP,01-16-2020,,"GREAT BRITIAN, POUNDS",,,,,,01-16-2020,MS,-597.25,-597.25,,597.25,597.25,MS,Cash and Equivalents,0.0,Cash and Equivalents,MS,0.0,0.0,,,,597.25,0.0,GBP=,104,74,MS_PB_MS,20_125715430_Advent Geneva,
149,5eb138df43338201c06fbfbd,1265660181,OB,,GBP,MS_PB_MS,,EQUITY SWAP,01-16-2020,,"GREAT BRITIAN, POUNDS",,,,,,01-16-2020,MS,-597.25,555073.34,,-555073.34,555073.34,MS,Cash and Equivalents,0.0,Cash and Equivalents,MS,0.0,0.0,,,,597.25,0.0,GBP=,0,0,MS_PB_MS,"30_125715430_Advent Geneva,1263_125832988_Advent Geneva,1257_125832988_Advent Geneva,1505_125832988_Advent Geneva,1179_125832988_Advent Geneva,1243_125832988_Advent Geneva,1264_125832988_Advent Geneva,1259_125832988_Advent Geneva,20_125715430_Advent Geneva,454_125800799_Advent Geneva,1506_125832988_Advent Geneva,292_125838157_Advent Geneva,1520_125832988_Advent Geneva,69_125740039_Advent Geneva,1236_125832988_Advent Geneva,1255_125832988_Advent Geneva,1244_125832988_Advent Geneva,1498_125832988_Advent Geneva,290_125838157_Advent Geneva,68_125740039_Advent Geneva,251_125838157_Advent Geneva,18_125715430_Advent Geneva,1181_125832988_Advent Geneva,1532_125832988_Advent Geneva,1254_125832988_Advent Geneva,1524_125832988_Advent Geneva,291_125838157_Advent Geneva,71_125740039_Advent Geneva,319_125799027_Advent Geneva,29_125715430_Advent Geneva,1528_125832988_Advent Geneva,1497_125832988_Advent Geneva,3740_125841837_Advent Geneva,460_125800799_Advent Geneva,551_125834720_Advent Geneva,1226_125832988_Advent Geneva,1239_125832988_Advent Geneva,301_125838157_Advent Geneva,1230_125832988_Advent Geneva,1546_125832988_Advent Geneva,295_125838157_Advent Geneva,1228_125832988_Advent Geneva,1545_125832988_Advent Geneva,1492_125832988_Advent Geneva,300_125838157_Advent Geneva,1253_125832988_Advent Geneva,1491_125832988_Advent Geneva,1248_125832988_Advent Geneva,1543_125832988_Advent Geneva,1240_125832988_Advent Geneva,299_125838157_Advent Geneva,3735_125841837_Advent Geneva,1503_125832988_Advent Geneva,1496_125832988_Advent Geneva,457_125800799_Advent Geneva,1241_125832988_Advent Geneva,1167_125832988_Advent Geneva,461_125800799_Advent Geneva,3607_125841837_Advent Geneva,3609_125841837_Advent Geneva,1237_125832988_Advent Geneva,294_125838157_Advent Geneva,1258_125832988_Advent Geneva,456_125800799_Advent Geneva,1501_125832988_Advent Geneva,249_125838157_Advent Geneva,1183_125832988_Advent Geneva,321_125799027_Advent Geneva,1493_125832988_Advent Geneva,1165_125832988_Advent Geneva,1245_125832988_Advent Geneva,293_125838157_Advent Geneva,458_125800799_Advent Geneva,1281_125832988_Advent Geneva,261_125785315_Advent Geneva,1246_125832988_Advent Geneva,1533_125832988_Advent Geneva,298_125838157_Advent Geneva,1247_125832988_Advent Geneva,3593_125841837_Advent Geneva,288_125838157_Advent Geneva,1502_125832988_Advent Geneva,70_125740039_Advent Geneva",
150,5eb138e243338201c06fc214,1265660183,UMT,,GBP,MS_PB_MS,,EQUITY SWAP,01-16-2020,999850023,"GREAT BRITIAN, POUNDS",,GBP FX,,,,01-16-2020,MS,-597.25,555073.34,555074.1,0.760000000009313,0.760000000009313,MS,Cash and Equivalents,0.0,Cash and Equivalents,MS,0.0,0.0,0.0,EQUITY SWAP LONG FINANCING,,597.25,0.0,GBP=,0,0,MS_PB_MS,"30_125715430_Advent Geneva,1263_125832988_Advent Geneva,1257_125832988_Advent Geneva,1505_125832988_Advent Geneva,1179_125832988_Advent Geneva,1243_125832988_Advent Geneva,1264_125832988_Advent Geneva,1259_125832988_Advent Geneva,20_125715430_Advent Geneva,454_125800799_Advent Geneva,1506_125832988_Advent Geneva,292_125838157_Advent Geneva,1520_125832988_Advent Geneva,69_125740039_Advent Geneva,1236_125832988_Advent Geneva,1255_125832988_Advent Geneva,1244_125832988_Advent Geneva,1498_125832988_Advent Geneva,290_125838157_Advent Geneva,68_125740039_Advent Geneva,251_125838157_Advent Geneva,18_125715430_Advent Geneva,1181_125832988_Advent Geneva,1532_125832988_Advent Geneva,1254_125832988_Advent Geneva,1524_125832988_Advent Geneva,291_125838157_Advent Geneva,71_125740039_Advent Geneva,319_125799027_Advent Geneva,29_125715430_Advent Geneva,1528_125832988_Advent Geneva,1497_125832988_Advent Geneva,3740_125841837_Advent Geneva,460_125800799_Advent Geneva,551_125834720_Advent Geneva,1226_125832988_Advent Geneva,1239_125832988_Advent Geneva,301_125838157_Advent Geneva,1230_125832988_Advent Geneva,1546_125832988_Advent Geneva,295_125838157_Advent Geneva,1228_125832988_Advent Geneva,1545_125832988_Advent Geneva,1492_125832988_Advent Geneva,300_125838157_Advent Geneva,1253_125832988_Advent Geneva,1491_125832988_Advent Geneva,1248_125832988_Advent Geneva,1543_125832988_Advent Geneva,1240_125832988_Advent Geneva,299_125838157_Advent Geneva,3735_125841837_Advent Geneva,1503_125832988_Advent Geneva,1496_125832988_Advent Geneva,457_125800799_Advent Geneva,1241_125832988_Advent Geneva,1167_125832988_Advent Geneva,461_125800799_Advent Geneva,3607_125841837_Advent Geneva,3609_125841837_Advent Geneva,1237_125832988_Advent Geneva,294_125838157_Advent Geneva,1258_125832988_Advent Geneva,456_125800799_Advent Geneva,1501_125832988_Advent Geneva,249_125838157_Advent Geneva,1183_125832988_Advent Geneva,321_125799027_Advent Geneva,1493_125832988_Advent Geneva,1165_125832988_Advent Geneva,1245_125832988_Advent Geneva,293_125838157_Advent Geneva,458_125800799_Advent Geneva,1281_125832988_Advent Geneva,261_125785315_Advent Geneva,1246_125832988_Advent Geneva,1533_125832988_Advent Geneva,298_125838157_Advent Geneva,1247_125832988_Advent Geneva,3593_125841837_Advent Geneva,288_125838157_Advent Geneva,1502_125832988_Advent Geneva,70_125740039_Advent Geneva","1267_125836451_Morgan Stanley,1208_125785315_Morgan Stanley,1416_125788211_Morgan Stanley,1504_125793691_Morgan Stanley,578_125743354_Morgan Stanley,1609_125841837_Morgan Stanley,1046_125795502_Morgan Stanley,1375_125783607_Morgan Stanley,1037_125791812_Morgan Stanley,1599_125841837_Morgan Stanley,579_125743354_Morgan Stanley,1503_125793691_Morgan Stanley,1389_125780911_Morgan Stanley,88_125706220_Morgan Stanley,47_125760603_Morgan Stanley,103_125843713_Morgan Stanley,50_125689462_Morgan Stanley,1044_125791812_Morgan Stanley,29_125741682_Morgan Stanley,1268_125836451_Morgan Stanley,1544_125786348_Morgan Stanley,1542_125779525_Morgan Stanley,49_125735874_Morgan Stanley,580_125743354_Morgan Stanley,1282_125790161_Morgan Stanley,103_125747818_Morgan Stanley,1046_125791812_Morgan Stanley,1374_125783607_Morgan Stanley,32_125740039_Morgan Stanley,1283_125790161_Morgan Stanley,203_125764665_Morgan Stanley,1550_125773643_Morgan Stanley,1376_125783607_Morgan Stanley,47_125799027_Morgan Stanley,1207_125785315_Morgan Stanley,28_125741682_Morgan Stanley,1212_125785315_Morgan Stanley,1211_125785315_Morgan Stanley,30_125741682_Morgan Stanley,1280_125790161_Morgan Stanley,378_125751631_Morgan Stanley,11_125745952_Morgan Stanley,1281_125790161_Morgan Stanley,1386_125780911_Morgan Stanley,1551_125777188_Morgan Stanley,25_125741682_Morgan Stanley,26_125741682_Morgan Stanley,43_125726745_Morgan Stanley,1540_125779525_Morgan Stanley,439_125797622_Morgan Stanley,51_125689462_Morgan Stanley,1534_125779525_Morgan Stanley,1285_125790161_Morgan Stanley,1544_125779525_Morgan Stanley,989_125745119_Morgan Stanley,1546_125779525_Morgan Stanley,1391_125780911_Morgan Stanley,411_125802617_Morgan Stanley,1040_125791812_Morgan Stanley,1551_125786348_Morgan Stanley,34_125740039_Morgan Stanley,1043_125791812_Morgan Stanley,33_125740039_Morgan Stanley,1419_125788211_Morgan Stanley,1277_125790161_Morgan Stanley,1266_125836451_Morgan Stanley,35_125740039_Morgan Stanley,879_125800799_Morgan Stanley,99_125843713_Morgan Stanley,420_125802617_Morgan Stanley,104_125843713_Morgan Stanley,1601_125841837_Morgan Stanley,951_125772044_Morgan Stanley,1421_125788211_Morgan Stanley,994_125745119_Morgan Stanley,416_125802617_Morgan Stanley,1417_125788211_Morgan Stanley,1373_125783607_Morgan Stanley,48_125760603_Morgan Stanley,12_125745952_Morgan Stanley,1550_125777188_Morgan Stanley,1551_125773643_Morgan Stanley,1554_125777188_Morgan Stanley,1264_125836451_Morgan Stanley,1536_125779525_Morgan Stanley,50_125760603_Morgan Stanley,1387_125780911_Morgan Stanley,1042_125791812_Morgan Stanley,1390_125780911_Morgan Stanley,991_125745119_Morgan Stanley,1265_125836451_Morgan Stanley,407_125802617_Morgan Stanley,1418_125759061_Morgan Stanley,1602_125841837_Morgan Stanley,379_125751631_Morgan Stanley,1549_125777188_Morgan Stanley,443_125700476_Morgan Stanley,1608_125841837_Morgan Stanley,27_125741682_Morgan Stanley,577_125743354_Morgan Stanley,440_125797622_Morgan Stanley,49_125760603_Morgan Stanley,1543_125779525_Morgan Stanley,101_125843713_Morgan Stanley,993_125745119_Morgan Stanley,1552_125786348_Morgan Stanley,1420_125788211_Morgan Stanley,1533_125779525_Morgan Stanley,995_125745119_Morgan Stanley,1552_125777188_Morgan Stanley,1129_125804334_Morgan Stanley,45_125730455_Morgan Stanley,102_125747818_Morgan Stanley,412_125802617_Morgan Stanley,990_125745119_Morgan Stanley,1213_125785315_Morgan Stanley,1420_125759061_Morgan Stanley,1050_125795502_Morgan Stanley,1418_125788211_Morgan Stanley,785_125770113_Morgan Stanley,992_125745119_Morgan Stanley,1548_125786348_Morgan Stanley,85_125706220_Morgan Stanley,1419_125759061_Morgan Stanley,783_125770113_Morgan Stanley,1284_125790161_Morgan Stanley,1500_125793691_Morgan Stanley,196_125764665_Morgan Stanley,1278_125790161_Morgan Stanley,1538_125779525_Morgan Stanley,160_125764665_Morgan Stanley,1423_125759061_Morgan Stanley,1421_125759061_Morgan Stanley,519_125762614_Morgan Stanley,46_125760603_Morgan Stanley,51_125760603_Morgan Stanley,1047_125795502_Morgan Stanley,1039_125791812_Morgan Stanley,417_125802617_Morgan Stanley,1047_125791812_Morgan Stanley,877_125800799_Morgan Stanley,1279_125790161_Morgan Stanley,517_125762614_Morgan Stanley,1276_125790161_Morgan Stanley,1422_125759061_Morgan Stanley,1597_125841837_Morgan Stanley,518_125762614_Morgan Stanley,443_125797622_Morgan Stanley,52_125806086_Morgan Stanley,522_125762614_Morgan Stanley,200_125764665_Morgan Stanley,523_125762614_Morgan Stanley"
151,5eb139a443338201c06fe62c,1092870668,OB,,GBP,MS_PB_OG,,EQUITY SWAP,01-16-2020,,"GREAT BRITIAN, POUNDS",,,,,,01-16-2020,OG,-184.44,-184.44,,184.44,184.44,MS,Cash and Equivalents,0.0,Cash and Equivalents,MS,0.0,0.0,,,,184.44,0.0,GBP=,104,74,MS_PB_OG,162_125715430_Advent Geneva,
152,5eb139a443338201c06fe673,1092870614,OB,,GBP,MS_PB_OG,,Transfer,01-16-2020,,"GREAT BRITIAN, POUNDS",,,,,,01-16-2020,OG,283.35,283.35,,-283.35,283.35,MS,Cash and Equivalents,0.0,Cash and Equivalents,MS,283.35,1.0,,,,283.35,0.0,GBP=,104,74,MS_PB_OG,146_125715430_Advent Geneva,
153,5eb139a443338201c06fe6a0,1092870638,OB,,GBP,MS_PB_OG,,Transfer,01-01-2020,,"GREAT BRITIAN, POUNDS",,,,,,01-01-2020,OG,283.35,283.35,,-283.35,283.35,MS,Cash and Equivalents,0.0,Cash and Equivalents,MS,283.35,1.0,,,,283.35,0.0,GBP=,104,74,MS_PB_OG,173_125715430_Advent Geneva,
154,5eb139a443338201c06fe73b,1092870491,OB,,GBP,MS_PB_OG,,EQUITY SWAP,01-01-2020,,"GREAT BRITIAN, POUNDS",,,,,,01-01-2020,OG,-458.7,-458.7,,458.7,458.7,MS,Cash and Equivalents,0.0,Cash and Equivalents,MS,0.0,0.0,,,,458.7,0.0,GBP=,104,74,MS_PB_OG,174_125715430_Advent Geneva,
155,5ec3ba819bbee71998b975dc,1289466560,UDB,,USD,04F099370,,AllocLeg,01-21-2020,99VJ9C1V3,CBT UST 10Y MAR20  FUTURE,,ZNH20.CBT,,,,01-21-2020,04F099370,-4.4,,-4.4,-4.4,4.4,MSIP,015G,0.0,PB,,0.0,0.0,0.0,AllocLeg,03-20-2020,,,,0,0,MS_PB_A1,,1703_125712442_Morgan Stanley
156,5ec3ba829bbee71998b97617,1289466602,UDB,,USD,04F099370,,AllocLeg,01-21-2020,99VJ9C1T8,CBT US LONG TERM ULTRA TREAS BOND MAR20,,UBH20.CBT,,,,01-21-2020,04F099370,-4.6,,-4.6,-4.6,4.6,MSIP,015G,0.0,PB,,0.0,0.0,0.0,AllocLeg,03-20-2020,,,,0,0,MS_PB_A1,,1701_125712442_Morgan Stanley
157,5ece3c779bbee7282c04c512,1089527323,OB,,USD,038CDJ831,,QO99F- EQSWAP DIV CLIENT TAX,01-21-2020,987999XM6,DOLLARS,,USD,,,,01-21-2020,R1,-3.41,,-3.41,-3.41,3.41,MSCO,015G,0.0,PB,,0.0,0.0,0.0,QO99F- EQSWAP DIV CLIENT TAX,,,,,127,91,MS_PB_R1,,104_125712442_Morgan Stanley
